Insert into REGIONS (REGION_ID,REGION_NAME) values ('1','Europe');
Insert into REGIONS (REGION_ID,REGION_NAME) values ('2','Americas');
Insert into REGIONS (REGION_ID,REGION_NAME) values ('3','Asia');
Insert into REGIONS (REGION_ID,REGION_NAME) values ('4','Middle East and Africa');

Insert into COUNTRIES (COUNTRY_ID,COUNTRY_NAME,REGION_ID) values ('AR','Argentina','2');
Insert into COUNTRIES (COUNTRY_ID,COUNTRY_NAME,REGION_ID) values ('AU','Australia','3');
Insert into COUNTRIES (COUNTRY_ID,COUNTRY_NAME,REGION_ID) values ('BE','Belgium','1');
Insert into COUNTRIES (COUNTRY_ID,COUNTRY_NAME,REGION_ID) values ('BR','Brazil','2');
Insert into COUNTRIES (COUNTRY_ID,COUNTRY_NAME,REGION_ID) values ('CA','Canada','2');
Insert into COUNTRIES (COUNTRY_ID,COUNTRY_NAME,REGION_ID) values ('CH','Switzerland','1');
Insert into COUNTRIES (COUNTRY_ID,COUNTRY_NAME,REGION_ID) values ('CN','China','3');
Insert into COUNTRIES (COUNTRY_ID,COUNTRY_NAME,REGION_ID) values ('DE','Germany','1');
Insert into COUNTRIES (COUNTRY_ID,COUNTRY_NAME,REGION_ID) values ('DK','Denmark','1');
Insert into COUNTRIES (COUNTRY_ID,COUNTRY_NAME,REGION_ID) values ('EG','Egypt','4');
Insert into COUNTRIES (COUNTRY_ID,COUNTRY_NAME,REGION_ID) values ('FR','France','1');
Insert into COUNTRIES (COUNTRY_ID,COUNTRY_NAME,REGION_ID) values ('IL','Israel','4');
Insert into COUNTRIES (COUNTRY_ID,COUNTRY_NAME,REGION_ID) values ('IN','India','3');
Insert into COUNTRIES (COUNTRY_ID,COUNTRY_NAME,REGION_ID) values ('IT','Italy','1');
Insert into COUNTRIES (COUNTRY_ID,COUNTRY_NAME,REGION_ID) values ('JP','Japan','3');
Insert into COUNTRIES (COUNTRY_ID,COUNTRY_NAME,REGION_ID) values ('KW','Kuwait','4');
Insert into COUNTRIES (COUNTRY_ID,COUNTRY_NAME,REGION_ID) values ('ML','Malaysia','3');
Insert into COUNTRIES (COUNTRY_ID,COUNTRY_NAME,REGION_ID) values ('MX','Mexico','2');
Insert into COUNTRIES (COUNTRY_ID,COUNTRY_NAME,REGION_ID) values ('NG','Nigeria','4');
Insert into COUNTRIES (COUNTRY_ID,COUNTRY_NAME,REGION_ID) values ('NL','Netherlands','1');
Insert into COUNTRIES (COUNTRY_ID,COUNTRY_NAME,REGION_ID) values ('SG','Singapore','3');
Insert into COUNTRIES (COUNTRY_ID,COUNTRY_NAME,REGION_ID) values ('UK','United Kingdom','1');
Insert into COUNTRIES (COUNTRY_ID,COUNTRY_NAME,REGION_ID) values ('US','United States of America','2');
Insert into COUNTRIES (COUNTRY_ID,COUNTRY_NAME,REGION_ID) values ('ZM','Zambia','4');
Insert into COUNTRIES (COUNTRY_ID,COUNTRY_NAME,REGION_ID) values ('ZW','Zimbabwe','4');

Insert into LOCATIONS (LOCATION_ID,STREET_ADDRESS,POSTAL_CODE,CITY,STATE_PROVINCE,COUNTRY_ID) values ('1000','1297 Via Cola di Rie','00989','Roma',null,'IT');
Insert into LOCATIONS (LOCATION_ID,STREET_ADDRESS,POSTAL_CODE,CITY,STATE_PROVINCE,COUNTRY_ID) values ('1100','93091 Calle della Testa','10934','Venice',null,'IT');
Insert into LOCATIONS (LOCATION_ID,STREET_ADDRESS,POSTAL_CODE,CITY,STATE_PROVINCE,COUNTRY_ID) values ('1200','2017 Shinjuku-ku','1689','Tokyo','Tokyo Prefecture','JP');
Insert into LOCATIONS (LOCATION_ID,STREET_ADDRESS,POSTAL_CODE,CITY,STATE_PROVINCE,COUNTRY_ID) values ('1300','9450 Kamiya-cho','6823','Hiroshima',null,'JP');
Insert into LOCATIONS (LOCATION_ID,STREET_ADDRESS,POSTAL_CODE,CITY,STATE_PROVINCE,COUNTRY_ID) values ('1400','2014 Jabberwocky Rd','26192','Southlake','Texas','US');
Insert into LOCATIONS (LOCATION_ID,STREET_ADDRESS,POSTAL_CODE,CITY,STATE_PROVINCE,COUNTRY_ID) values ('1500','2011 Interiors Blvd','99236','South San Francisco','California','US');
Insert into LOCATIONS (LOCATION_ID,STREET_ADDRESS,POSTAL_CODE,CITY,STATE_PROVINCE,COUNTRY_ID) values ('1600','2007 Zagora St','50090','South Brunswick','New Jersey','US');
Insert into LOCATIONS (LOCATION_ID,STREET_ADDRESS,POSTAL_CODE,CITY,STATE_PROVINCE,COUNTRY_ID) values ('1700','2004 Charade Rd','98199','Seattle','Washington','US');
Insert into LOCATIONS (LOCATION_ID,STREET_ADDRESS,POSTAL_CODE,CITY,STATE_PROVINCE,COUNTRY_ID) values ('1800','147 Spadina Ave','M5V 2L7','Toronto','Ontario','CA');
Insert into LOCATIONS (LOCATION_ID,STREET_ADDRESS,POSTAL_CODE,CITY,STATE_PROVINCE,COUNTRY_ID) values ('1900','6092 Boxwood St','YSW 9T2','Whitehorse','Yukon','CA');
Insert into LOCATIONS (LOCATION_ID,STREET_ADDRESS,POSTAL_CODE,CITY,STATE_PROVINCE,COUNTRY_ID) values ('2000','40-5-12 Laogianggen','190518','Beijing',null,'CN');
Insert into LOCATIONS (LOCATION_ID,STREET_ADDRESS,POSTAL_CODE,CITY,STATE_PROVINCE,COUNTRY_ID) values ('2100','1298 Vileparle (E)','490231','Bombay','Maharashtra','IN');
Insert into LOCATIONS (LOCATION_ID,STREET_ADDRESS,POSTAL_CODE,CITY,STATE_PROVINCE,COUNTRY_ID) values ('2200','12-98 Victoria Street','2901','Sydney','New South Wales','AU');
Insert into LOCATIONS (LOCATION_ID,STREET_ADDRESS,POSTAL_CODE,CITY,STATE_PROVINCE,COUNTRY_ID) values ('2300','198 Clementi North','540198','Singapore',null,'SG');
Insert into LOCATIONS (LOCATION_ID,STREET_ADDRESS,POSTAL_CODE,CITY,STATE_PROVINCE,COUNTRY_ID) values ('2400','8204 Arthur St',null,'London',null,'UK');
Insert into LOCATIONS (LOCATION_ID,STREET_ADDRESS,POSTAL_CODE,CITY,STATE_PROVINCE,COUNTRY_ID) values ('2500','Magdalen Centre, The Oxford Science Park','OX9 9ZB','Oxford','Oxford','UK');
Insert into LOCATIONS (LOCATION_ID,STREET_ADDRESS,POSTAL_CODE,CITY,STATE_PROVINCE,COUNTRY_ID) values ('2600','9702 Chester Road','09629850293','Stretford','Manchester','UK');
Insert into LOCATIONS (LOCATION_ID,STREET_ADDRESS,POSTAL_CODE,CITY,STATE_PROVINCE,COUNTRY_ID) values ('2700','Schwanthalerstr. 7031','80925','Munich','Bavaria','DE');
Insert into LOCATIONS (LOCATION_ID,STREET_ADDRESS,POSTAL_CODE,CITY,STATE_PROVINCE,COUNTRY_ID) values ('2800','Rua Frei Caneca 1360 ','01307-002','Sao Paulo','Sao Paulo','BR');
Insert into LOCATIONS (LOCATION_ID,STREET_ADDRESS,POSTAL_CODE,CITY,STATE_PROVINCE,COUNTRY_ID) values ('2900','20 Rue des Corps-Saints','1730','Geneva','Geneve','CH');
Insert into LOCATIONS (LOCATION_ID,STREET_ADDRESS,POSTAL_CODE,CITY,STATE_PROVINCE,COUNTRY_ID) values ('3000','Murtenstrasse 921','3095','Bern','BE','CH');
Insert into LOCATIONS (LOCATION_ID,STREET_ADDRESS,POSTAL_CODE,CITY,STATE_PROVINCE,COUNTRY_ID) values ('3100','Pieter Breughelstraat 837','3029SK','Utrecht','Utrecht','NL');
Insert into LOCATIONS (LOCATION_ID,STREET_ADDRESS,POSTAL_CODE,CITY,STATE_PROVINCE,COUNTRY_ID) values ('3200','Mariano Escobedo 9991','11932','Mexico City','Distrito Federal,','MX');

Insert into DEPARTMENTS (DEPARTMENT_ID,DEPARTMENT_NAME,LOCATION_ID) values ('10','Administration','1700');
Insert into DEPARTMENTS (DEPARTMENT_ID,DEPARTMENT_NAME,LOCATION_ID) values ('20','Marketing','1800');
Insert into DEPARTMENTS (DEPARTMENT_ID,DEPARTMENT_NAME,LOCATION_ID) values ('30','Purchasing','1700');
Insert into DEPARTMENTS (DEPARTMENT_ID,DEPARTMENT_NAME,LOCATION_ID) values ('40','Human Resources','2400');
Insert into DEPARTMENTS (DEPARTMENT_ID,DEPARTMENT_NAME,LOCATION_ID) values ('50','Shipping','1500');
Insert into DEPARTMENTS (DEPARTMENT_ID,DEPARTMENT_NAME,LOCATION_ID) values ('60','IT','1400');
Insert into DEPARTMENTS (DEPARTMENT_ID,DEPARTMENT_NAME,LOCATION_ID) values ('70','Public Relations','2700');
Insert into DEPARTMENTS (DEPARTMENT_ID,DEPARTMENT_NAME,LOCATION_ID) values ('80','Sales','2500');
Insert into DEPARTMENTS (DEPARTMENT_ID,DEPARTMENT_NAME,LOCATION_ID) values ('90','Executive','1700');
Insert into DEPARTMENTS (DEPARTMENT_ID,DEPARTMENT_NAME,LOCATION_ID) values ('100','Finance','1700');
Insert into DEPARTMENTS (DEPARTMENT_ID,DEPARTMENT_NAME,LOCATION_ID) values ('110','Accounting','1700');
Insert into DEPARTMENTS (DEPARTMENT_ID,DEPARTMENT_NAME,LOCATION_ID) values ('120','Treasury','1700');
Insert into DEPARTMENTS (DEPARTMENT_ID,DEPARTMENT_NAME,LOCATION_ID) values ('130','Corporate Tax','1700');
Insert into DEPARTMENTS (DEPARTMENT_ID,DEPARTMENT_NAME,LOCATION_ID) values ('140','Control And Credit','1700');
Insert into DEPARTMENTS (DEPARTMENT_ID,DEPARTMENT_NAME,LOCATION_ID) values ('150','Shareholder Services','1700');
Insert into DEPARTMENTS (DEPARTMENT_ID,DEPARTMENT_NAME,LOCATION_ID) values ('160','Benefits','1700');
Insert into DEPARTMENTS (DEPARTMENT_ID,DEPARTMENT_NAME,LOCATION_ID) values ('170','Manufacturing','1700');
Insert into DEPARTMENTS (DEPARTMENT_ID,DEPARTMENT_NAME,LOCATION_ID) values ('180','Construction','1700');
Insert into DEPARTMENTS (DEPARTMENT_ID,DEPARTMENT_NAME,LOCATION_ID) values ('190','Contracting','1700');
Insert into DEPARTMENTS (DEPARTMENT_ID,DEPARTMENT_NAME,LOCATION_ID) values ('200','Operations','1700');
Insert into DEPARTMENTS (DEPARTMENT_ID,DEPARTMENT_NAME,LOCATION_ID) values ('210','IT Support','1700');
Insert into DEPARTMENTS (DEPARTMENT_ID,DEPARTMENT_NAME,LOCATION_ID) values ('220','NOC','1700');
Insert into DEPARTMENTS (DEPARTMENT_ID,DEPARTMENT_NAME,LOCATION_ID) values ('230','IT Helpdesk','1700');
Insert into DEPARTMENTS (DEPARTMENT_ID,DEPARTMENT_NAME,LOCATION_ID) values ('240','Government Sales','1700');
Insert into DEPARTMENTS (DEPARTMENT_ID,DEPARTMENT_NAME,LOCATION_ID) values ('250','Retail Sales','1700');
Insert into DEPARTMENTS (DEPARTMENT_ID,DEPARTMENT_NAME,LOCATION_ID) values ('260','Recruiting','1700');
Insert into DEPARTMENTS (DEPARTMENT_ID,DEPARTMENT_NAME,LOCATION_ID) values ('270','Payroll','1700');

Insert into JOBS (JOB_ID,JOB_TITLE,MIN_SALARY,MAX_SALARY) values ('AD_PRES','President','20080','40000');
Insert into JOBS (JOB_ID,JOB_TITLE,MIN_SALARY,MAX_SALARY) values ('AD_VP','Administration Vice President','15000','30000');
Insert into JOBS (JOB_ID,JOB_TITLE,MIN_SALARY,MAX_SALARY) values ('AD_ASST','Administration Assistant','3000','6000');
Insert into JOBS (JOB_ID,JOB_TITLE,MIN_SALARY,MAX_SALARY) values ('FI_MGR','Finance Manager','8200','16000');
Insert into JOBS (JOB_ID,JOB_TITLE,MIN_SALARY,MAX_SALARY) values ('FI_ACCOUNT','Accountant','4200','9000');
Insert into JOBS (JOB_ID,JOB_TITLE,MIN_SALARY,MAX_SALARY) values ('AC_MGR','Accounting Manager','8200','16000');
Insert into JOBS (JOB_ID,JOB_TITLE,MIN_SALARY,MAX_SALARY) values ('AC_ACCOUNT','Public Accountant','4200','9000');
Insert into JOBS (JOB_ID,JOB_TITLE,MIN_SALARY,MAX_SALARY) values ('SA_MAN','Sales Manager','10000','20080');
Insert into JOBS (JOB_ID,JOB_TITLE,MIN_SALARY,MAX_SALARY) values ('SA_REP','Sales Representative','6000','12008');
Insert into JOBS (JOB_ID,JOB_TITLE,MIN_SALARY,MAX_SALARY) values ('PU_MAN','Purchasing Manager','8000','15000');
Insert into JOBS (JOB_ID,JOB_TITLE,MIN_SALARY,MAX_SALARY) values ('PU_CLERK','Purchasing Clerk','2500','5500');
Insert into JOBS (JOB_ID,JOB_TITLE,MIN_SALARY,MAX_SALARY) values ('ST_MAN','Stock Manager','5500','8500');
Insert into JOBS (JOB_ID,JOB_TITLE,MIN_SALARY,MAX_SALARY) values ('ST_CLERK','Stock Clerk','2008','5000');
Insert into JOBS (JOB_ID,JOB_TITLE,MIN_SALARY,MAX_SALARY) values ('SH_CLERK','Shipping Clerk','2500','5500');
Insert into JOBS (JOB_ID,JOB_TITLE,MIN_SALARY,MAX_SALARY) values ('IT_PROG','Programmer','4000','10000');
Insert into JOBS (JOB_ID,JOB_TITLE,MIN_SALARY,MAX_SALARY) values ('MK_MAN','Marketing Manager','9000','15000');
Insert into JOBS (JOB_ID,JOB_TITLE,MIN_SALARY,MAX_SALARY) values ('MK_REP','Marketing Representative','4000','9000');
Insert into JOBS (JOB_ID,JOB_TITLE,MIN_SALARY,MAX_SALARY) values ('HR_REP','Human Resources Representative','4000','9000');
Insert into JOBS (JOB_ID,JOB_TITLE,MIN_SALARY,MAX_SALARY) values ('PR_REP','Public Relations Representative','4500','10500');

Insert into EMPLOYEES (EMPLOYEE_ID,FIRST_NAME,LAST_NAME,EMAIL,PHONE_NUMBER,HIRE_DATE,JOB_ID,SALARY,COMMISSION_PCT,MANAGER_ID,DEPARTMENT_ID) values ('100','Steven','King','SKING','515.123.4567','2003-06-17','AD_PRES','24000',null,null,'90');
Insert into EMPLOYEES (EMPLOYEE_ID,FIRST_NAME,LAST_NAME,EMAIL,PHONE_NUMBER,HIRE_DATE,JOB_ID,SALARY,COMMISSION_PCT,MANAGER_ID,DEPARTMENT_ID) values ('101','Neena','Kochhar','NKOCHHAR','515.123.4568','2005-09-21','AD_VP','17000',null,'100','90');
Insert into EMPLOYEES (EMPLOYEE_ID,FIRST_NAME,LAST_NAME,EMAIL,PHONE_NUMBER,HIRE_DATE,JOB_ID,SALARY,COMMISSION_PCT,MANAGER_ID,DEPARTMENT_ID) values ('102','Lex','De Haan','LDEHAAN','515.123.4569','2001-01-13','AD_VP','17000',null,'100','90');
Insert into EMPLOYEES (EMPLOYEE_ID,FIRST_NAME,LAST_NAME,EMAIL,PHONE_NUMBER,HIRE_DATE,JOB_ID,SALARY,COMMISSION_PCT,MANAGER_ID,DEPARTMENT_ID) values ('103','Alexander','Hunold','AHUNOLD','590.423.4567','2006-01-03','IT_PROG','9000',null,'102','60');
Insert into EMPLOYEES (EMPLOYEE_ID,FIRST_NAME,LAST_NAME,EMAIL,PHONE_NUMBER,HIRE_DATE,JOB_ID,SALARY,COMMISSION_PCT,MANAGER_ID,DEPARTMENT_ID) values ('104','Bruce','Ernst','BERNST','590.423.4568','2007-05-21','IT_PROG','6000',null,'103','60');
Insert into EMPLOYEES (EMPLOYEE_ID,FIRST_NAME,LAST_NAME,EMAIL,PHONE_NUMBER,HIRE_DATE,JOB_ID,SALARY,COMMISSION_PCT,MANAGER_ID,DEPARTMENT_ID) values ('105','David','Austin','DAUSTIN','590.423.4569','2005-06-25','IT_PROG','4800',null,'103','60');
Insert into EMPLOYEES (EMPLOYEE_ID,FIRST_NAME,LAST_NAME,EMAIL,PHONE_NUMBER,HIRE_DATE,JOB_ID,SALARY,COMMISSION_PCT,MANAGER_ID,DEPARTMENT_ID) values ('106','Valli','Pataballa','VPATABAL','590.423.4560','2006-02-05','IT_PROG','4800',null,'103','60');
Insert into EMPLOYEES (EMPLOYEE_ID,FIRST_NAME,LAST_NAME,EMAIL,PHONE_NUMBER,HIRE_DATE,JOB_ID,SALARY,COMMISSION_PCT,MANAGER_ID,DEPARTMENT_ID) values ('107','Diana','Lorentz','DLORENTZ','590.423.5567','2007-02-07','IT_PROG','4200',null,'103','60');
Insert into EMPLOYEES (EMPLOYEE_ID,FIRST_NAME,LAST_NAME,EMAIL,PHONE_NUMBER,HIRE_DATE,JOB_ID,SALARY,COMMISSION_PCT,MANAGER_ID,DEPARTMENT_ID) values ('108','Nancy','Greenberg','NGREENBE','515.124.4569','2002-08-17','FI_MGR','12008',null,'101','100');
Insert into EMPLOYEES (EMPLOYEE_ID,FIRST_NAME,LAST_NAME,EMAIL,PHONE_NUMBER,HIRE_DATE,JOB_ID,SALARY,COMMISSION_PCT,MANAGER_ID,DEPARTMENT_ID) values ('109','Daniel','Faviet','DFAVIET','515.124.4169','2002-08-16','FI_ACCOUNT','9000',null,'108','100');
Insert into EMPLOYEES (EMPLOYEE_ID,FIRST_NAME,LAST_NAME,EMAIL,PHONE_NUMBER,HIRE_DATE,JOB_ID,SALARY,COMMISSION_PCT,MANAGER_ID,DEPARTMENT_ID) values ('110','John','Chen','JCHEN','515.124.4269','2005-09-28','FI_ACCOUNT','8200',null,'108','100');
Insert into EMPLOYEES (EMPLOYEE_ID,FIRST_NAME,LAST_NAME,EMAIL,PHONE_NUMBER,HIRE_DATE,JOB_ID,SALARY,COMMISSION_PCT,MANAGER_ID,DEPARTMENT_ID) values ('111','Ismael','Sciarra','ISCIARRA','515.124.4369','2005-09-30','FI_ACCOUNT','7700',null,'108','100');
Insert into EMPLOYEES (EMPLOYEE_ID,FIRST_NAME,LAST_NAME,EMAIL,PHONE_NUMBER,HIRE_DATE,JOB_ID,SALARY,COMMISSION_PCT,MANAGER_ID,DEPARTMENT_ID) values ('112','Jose Manuel','Urman','JMURMAN','515.124.4469','2006-03-07','FI_ACCOUNT','7800',null,'108','100');
Insert into EMPLOYEES (EMPLOYEE_ID,FIRST_NAME,LAST_NAME,EMAIL,PHONE_NUMBER,HIRE_DATE,JOB_ID,SALARY,COMMISSION_PCT,MANAGER_ID,DEPARTMENT_ID) values ('113','Luis','Popp','LPOPP','515.124.4567','2007-12-07','FI_ACCOUNT','6900',null,'108','100');
Insert into EMPLOYEES (EMPLOYEE_ID,FIRST_NAME,LAST_NAME,EMAIL,PHONE_NUMBER,HIRE_DATE,JOB_ID,SALARY,COMMISSION_PCT,MANAGER_ID,DEPARTMENT_ID) values ('114','Den','Raphaely','DRAPHEAL','515.127.4561','2002-12-07','PU_MAN','11000',null,'100','30');
Insert into EMPLOYEES (EMPLOYEE_ID,FIRST_NAME,LAST_NAME,EMAIL,PHONE_NUMBER,HIRE_DATE,JOB_ID,SALARY,COMMISSION_PCT,MANAGER_ID,DEPARTMENT_ID) values ('115','Alexander','Khoo','AKHOO','515.127.4562','2003-05-18','PU_CLERK','3100',null,'114','30');
Insert into EMPLOYEES (EMPLOYEE_ID,FIRST_NAME,LAST_NAME,EMAIL,PHONE_NUMBER,HIRE_DATE,JOB_ID,SALARY,COMMISSION_PCT,MANAGER_ID,DEPARTMENT_ID) values ('116','Shelli','Baida','SBAIDA','515.127.4563','2005-12-24','PU_CLERK','2900',null,'114','30');
Insert into EMPLOYEES (EMPLOYEE_ID,FIRST_NAME,LAST_NAME,EMAIL,PHONE_NUMBER,HIRE_DATE,JOB_ID,SALARY,COMMISSION_PCT,MANAGER_ID,DEPARTMENT_ID) values ('117','Sigal','Tobias','STOBIAS','515.127.4564','2005-07-24','PU_CLERK','2800',null,'114','30');
Insert into EMPLOYEES (EMPLOYEE_ID,FIRST_NAME,LAST_NAME,EMAIL,PHONE_NUMBER,HIRE_DATE,JOB_ID,SALARY,COMMISSION_PCT,MANAGER_ID,DEPARTMENT_ID) values ('118','Guy','Himuro','GHIMURO','515.127.4565','2006-11-15','PU_CLERK','2600',null,'114','30');
Insert into EMPLOYEES (EMPLOYEE_ID,FIRST_NAME,LAST_NAME,EMAIL,PHONE_NUMBER,HIRE_DATE,JOB_ID,SALARY,COMMISSION_PCT,MANAGER_ID,DEPARTMENT_ID) values ('119','Karen','Colmenares','KCOLMENA','515.127.4566','2007-08-10','PU_CLERK','2500',null,'114','30');
Insert into EMPLOYEES (EMPLOYEE_ID,FIRST_NAME,LAST_NAME,EMAIL,PHONE_NUMBER,HIRE_DATE,JOB_ID,SALARY,COMMISSION_PCT,MANAGER_ID,DEPARTMENT_ID) values ('120','Matthew','Weiss','MWEISS','650.123.1234','2004-07-18','ST_MAN','8000',null,'100','50');
Insert into EMPLOYEES (EMPLOYEE_ID,FIRST_NAME,LAST_NAME,EMAIL,PHONE_NUMBER,HIRE_DATE,JOB_ID,SALARY,COMMISSION_PCT,MANAGER_ID,DEPARTMENT_ID) values ('121','Adam','Fripp','AFRIPP','650.123.2234','2005-04-10','ST_MAN','8200',null,'100','50');
Insert into EMPLOYEES (EMPLOYEE_ID,FIRST_NAME,LAST_NAME,EMAIL,PHONE_NUMBER,HIRE_DATE,JOB_ID,SALARY,COMMISSION_PCT,MANAGER_ID,DEPARTMENT_ID) values ('122','Payam','Kaufling','PKAUFLIN','650.123.3234','2003-05-01','ST_MAN','7900',null,'100','50');
Insert into EMPLOYEES (EMPLOYEE_ID,FIRST_NAME,LAST_NAME,EMAIL,PHONE_NUMBER,HIRE_DATE,JOB_ID,SALARY,COMMISSION_PCT,MANAGER_ID,DEPARTMENT_ID) values ('123','Shanta','Vollman','SVOLLMAN','650.123.4234','2005-10-10','ST_MAN','6500',null,'100','50');
Insert into EMPLOYEES (EMPLOYEE_ID,FIRST_NAME,LAST_NAME,EMAIL,PHONE_NUMBER,HIRE_DATE,JOB_ID,SALARY,COMMISSION_PCT,MANAGER_ID,DEPARTMENT_ID) values ('124','Kevin','Mourgos','KMOURGOS','650.123.5234','2007-11-16','ST_MAN','5800',null,'100','50');
Insert into EMPLOYEES (EMPLOYEE_ID,FIRST_NAME,LAST_NAME,EMAIL,PHONE_NUMBER,HIRE_DATE,JOB_ID,SALARY,COMMISSION_PCT,MANAGER_ID,DEPARTMENT_ID) values ('125','Julia','Nayer','JNAYER','650.124.1214','2005-07-16','ST_CLERK','3200',null,'120','50');
Insert into EMPLOYEES (EMPLOYEE_ID,FIRST_NAME,LAST_NAME,EMAIL,PHONE_NUMBER,HIRE_DATE,JOB_ID,SALARY,COMMISSION_PCT,MANAGER_ID,DEPARTMENT_ID) values ('126','Irene','Mikkilineni','IMIKKILI','650.124.1224','2006-09-28','ST_CLERK','2700',null,'120','50');
Insert into EMPLOYEES (EMPLOYEE_ID,FIRST_NAME,LAST_NAME,EMAIL,PHONE_NUMBER,HIRE_DATE,JOB_ID,SALARY,COMMISSION_PCT,MANAGER_ID,DEPARTMENT_ID) values ('127','James','Landry','JLANDRY','650.124.1334','2007-01-14','ST_CLERK','2400',null,'120','50');
Insert into EMPLOYEES (EMPLOYEE_ID,FIRST_NAME,LAST_NAME,EMAIL,PHONE_NUMBER,HIRE_DATE,JOB_ID,SALARY,COMMISSION_PCT,MANAGER_ID,DEPARTMENT_ID) values ('128','Steven','Markle','SMARKLE','650.124.1434','2008-03-08','ST_CLERK','2200',null,'120','50');
Insert into EMPLOYEES (EMPLOYEE_ID,FIRST_NAME,LAST_NAME,EMAIL,PHONE_NUMBER,HIRE_DATE,JOB_ID,SALARY,COMMISSION_PCT,MANAGER_ID,DEPARTMENT_ID) values ('129','Laura','Bissot','LBISSOT','650.124.5234','2005-08-20','ST_CLERK','3300',null,'121','50');
Insert into EMPLOYEES (EMPLOYEE_ID,FIRST_NAME,LAST_NAME,EMAIL,PHONE_NUMBER,HIRE_DATE,JOB_ID,SALARY,COMMISSION_PCT,MANAGER_ID,DEPARTMENT_ID) values ('130','Mozhe','Atkinson','MATKINSO','650.124.6234','2005-10-30','ST_CLERK','2800',null,'121','50');
Insert into EMPLOYEES (EMPLOYEE_ID,FIRST_NAME,LAST_NAME,EMAIL,PHONE_NUMBER,HIRE_DATE,JOB_ID,SALARY,COMMISSION_PCT,MANAGER_ID,DEPARTMENT_ID) values ('131','James','Marlow','JAMRLOW','650.124.7234','2005-02-16','ST_CLERK','2500',null,'121','50');
Insert into EMPLOYEES (EMPLOYEE_ID,FIRST_NAME,LAST_NAME,EMAIL,PHONE_NUMBER,HIRE_DATE,JOB_ID,SALARY,COMMISSION_PCT,MANAGER_ID,DEPARTMENT_ID) values ('132','TJ','Olson','TJOLSON','650.124.8234','2007-04-10','ST_CLERK','2100',null,'121','50');
Insert into EMPLOYEES (EMPLOYEE_ID,FIRST_NAME,LAST_NAME,EMAIL,PHONE_NUMBER,HIRE_DATE,JOB_ID,SALARY,COMMISSION_PCT,MANAGER_ID,DEPARTMENT_ID) values ('133','Jason','Mallin','JMALLIN','650.127.1934','2004-06-14','ST_CLERK','3300',null,'122','50');
Insert into EMPLOYEES (EMPLOYEE_ID,FIRST_NAME,LAST_NAME,EMAIL,PHONE_NUMBER,HIRE_DATE,JOB_ID,SALARY,COMMISSION_PCT,MANAGER_ID,DEPARTMENT_ID) values ('134','Michael','Rogers','MROGERS','650.127.1834','2006-08-26','ST_CLERK','2900',null,'122','50');
Insert into EMPLOYEES (EMPLOYEE_ID,FIRST_NAME,LAST_NAME,EMAIL,PHONE_NUMBER,HIRE_DATE,JOB_ID,SALARY,COMMISSION_PCT,MANAGER_ID,DEPARTMENT_ID) values ('135','Ki','Gee','KGEE','650.127.1734','2007-12-12','ST_CLERK','2400',null,'122','50');
Insert into EMPLOYEES (EMPLOYEE_ID,FIRST_NAME,LAST_NAME,EMAIL,PHONE_NUMBER,HIRE_DATE,JOB_ID,SALARY,COMMISSION_PCT,MANAGER_ID,DEPARTMENT_ID) values ('136','Hazel','Philtanker','HPHILTAN','650.127.1634','2008-02-06','ST_CLERK','2200',null,'122','50');
Insert into EMPLOYEES (EMPLOYEE_ID,FIRST_NAME,LAST_NAME,EMAIL,PHONE_NUMBER,HIRE_DATE,JOB_ID,SALARY,COMMISSION_PCT,MANAGER_ID,DEPARTMENT_ID) values ('137','Renske','Ladwig','RLADWIG','650.121.1234','2003-07-14','ST_CLERK','3600',null,'123','50');
Insert into EMPLOYEES (EMPLOYEE_ID,FIRST_NAME,LAST_NAME,EMAIL,PHONE_NUMBER,HIRE_DATE,JOB_ID,SALARY,COMMISSION_PCT,MANAGER_ID,DEPARTMENT_ID) values ('138','Stephen','Stiles','SSTILES','650.121.2034','2005-10-26','ST_CLERK','3200',null,'123','50');
Insert into EMPLOYEES (EMPLOYEE_ID,FIRST_NAME,LAST_NAME,EMAIL,PHONE_NUMBER,HIRE_DATE,JOB_ID,SALARY,COMMISSION_PCT,MANAGER_ID,DEPARTMENT_ID) values ('139','John','Seo','JSEO','650.121.2019','2006-02-12','ST_CLERK','2700',null,'123','50');
Insert into EMPLOYEES (EMPLOYEE_ID,FIRST_NAME,LAST_NAME,EMAIL,PHONE_NUMBER,HIRE_DATE,JOB_ID,SALARY,COMMISSION_PCT,MANAGER_ID,DEPARTMENT_ID) values ('140','Joshua','Patel','JPATEL','650.121.1834','2006-04-06','ST_CLERK','2500',null,'123','50');
Insert into EMPLOYEES (EMPLOYEE_ID,FIRST_NAME,LAST_NAME,EMAIL,PHONE_NUMBER,HIRE_DATE,JOB_ID,SALARY,COMMISSION_PCT,MANAGER_ID,DEPARTMENT_ID) values ('141','Trenna','Rajs','TRAJS','650.121.8009','2003-10-17','ST_CLERK','3500',null,'124','50');
Insert into EMPLOYEES (EMPLOYEE_ID,FIRST_NAME,LAST_NAME,EMAIL,PHONE_NUMBER,HIRE_DATE,JOB_ID,SALARY,COMMISSION_PCT,MANAGER_ID,DEPARTMENT_ID) values ('142','Curtis','Davies','CDAVIES','650.121.2994','2005-01-29','ST_CLERK','3100',null,'124','50');
Insert into EMPLOYEES (EMPLOYEE_ID,FIRST_NAME,LAST_NAME,EMAIL,PHONE_NUMBER,HIRE_DATE,JOB_ID,SALARY,COMMISSION_PCT,MANAGER_ID,DEPARTMENT_ID) values ('143','Randall','Matos','RMATOS','650.121.2874','2006-03-15','ST_CLERK','2600',null,'124','50');
Insert into EMPLOYEES (EMPLOYEE_ID,FIRST_NAME,LAST_NAME,EMAIL,PHONE_NUMBER,HIRE_DATE,JOB_ID,SALARY,COMMISSION_PCT,MANAGER_ID,DEPARTMENT_ID) values ('144','Peter','Vargas','PVARGAS','650.121.2004','2006-07-09','ST_CLERK','2500',null,'124','50');
Insert into EMPLOYEES (EMPLOYEE_ID,FIRST_NAME,LAST_NAME,EMAIL,PHONE_NUMBER,HIRE_DATE,JOB_ID,SALARY,COMMISSION_PCT,MANAGER_ID,DEPARTMENT_ID) values ('145','John','Russell','JRUSSEL','011.44.1344.429268','2004-10-01','SA_MAN','14000','0.4','100','80');
Insert into EMPLOYEES (EMPLOYEE_ID,FIRST_NAME,LAST_NAME,EMAIL,PHONE_NUMBER,HIRE_DATE,JOB_ID,SALARY,COMMISSION_PCT,MANAGER_ID,DEPARTMENT_ID) values ('146','Karen','Partners','KPARTNER','011.44.1344.467268','2005-01-05','SA_MAN','13500','0.3','100','80');
Insert into EMPLOYEES (EMPLOYEE_ID,FIRST_NAME,LAST_NAME,EMAIL,PHONE_NUMBER,HIRE_DATE,JOB_ID,SALARY,COMMISSION_PCT,MANAGER_ID,DEPARTMENT_ID) values ('147','Alberto','Errazuriz','AERRAZUR','011.44.1344.429278','2005-03-10','SA_MAN','12000','0.3','100','80');
Insert into EMPLOYEES (EMPLOYEE_ID,FIRST_NAME,LAST_NAME,EMAIL,PHONE_NUMBER,HIRE_DATE,JOB_ID,SALARY,COMMISSION_PCT,MANAGER_ID,DEPARTMENT_ID) values ('148','Gerald','Cambrault','GCAMBRAU','011.44.1344.619268','2007-10-15','SA_MAN','11000','0.3','100','80');
Insert into EMPLOYEES (EMPLOYEE_ID,FIRST_NAME,LAST_NAME,EMAIL,PHONE_NUMBER,HIRE_DATE,JOB_ID,SALARY,COMMISSION_PCT,MANAGER_ID,DEPARTMENT_ID) values ('149','Eleni','Zlotkey','EZLOTKEY','011.44.1344.429018','2008-01-29','SA_MAN','10500','0.2','100','80');
Insert into EMPLOYEES (EMPLOYEE_ID,FIRST_NAME,LAST_NAME,EMAIL,PHONE_NUMBER,HIRE_DATE,JOB_ID,SALARY,COMMISSION_PCT,MANAGER_ID,DEPARTMENT_ID) values ('150','Peter','Tucker','PTUCKER','011.44.1344.129268','2005-01-30','SA_REP','10000','0.3','145','80');
Insert into EMPLOYEES (EMPLOYEE_ID,FIRST_NAME,LAST_NAME,EMAIL,PHONE_NUMBER,HIRE_DATE,JOB_ID,SALARY,COMMISSION_PCT,MANAGER_ID,DEPARTMENT_ID) values ('151','David','Bernstein','DBERNSTE','011.44.1344.345268','2005-03-24','SA_REP','9500','0.25','145','80');
Insert into EMPLOYEES (EMPLOYEE_ID,FIRST_NAME,LAST_NAME,EMAIL,PHONE_NUMBER,HIRE_DATE,JOB_ID,SALARY,COMMISSION_PCT,MANAGER_ID,DEPARTMENT_ID) values ('152','Peter','Hall','PHALL','011.44.1344.478968','2005-08-20','SA_REP','9000','0.25','145','80');
Insert into EMPLOYEES (EMPLOYEE_ID,FIRST_NAME,LAST_NAME,EMAIL,PHONE_NUMBER,HIRE_DATE,JOB_ID,SALARY,COMMISSION_PCT,MANAGER_ID,DEPARTMENT_ID) values ('153','Christopher','Olsen','COLSEN','011.44.1344.498718','2006-03-30','SA_REP','8000','0.2','145','80');
Insert into EMPLOYEES (EMPLOYEE_ID,FIRST_NAME,LAST_NAME,EMAIL,PHONE_NUMBER,HIRE_DATE,JOB_ID,SALARY,COMMISSION_PCT,MANAGER_ID,DEPARTMENT_ID) values ('154','Nanette','Cambrault','NCAMBRAU','011.44.1344.987668','2006-12-09','SA_REP','7500','0.2','145','80');
Insert into EMPLOYEES (EMPLOYEE_ID,FIRST_NAME,LAST_NAME,EMAIL,PHONE_NUMBER,HIRE_DATE,JOB_ID,SALARY,COMMISSION_PCT,MANAGER_ID,DEPARTMENT_ID) values ('155','Oliver','Tuvault','OTUVAULT','011.44.1344.486508','2007-11-23','SA_REP','7000','0.15','145','80');
Insert into EMPLOYEES (EMPLOYEE_ID,FIRST_NAME,LAST_NAME,EMAIL,PHONE_NUMBER,HIRE_DATE,JOB_ID,SALARY,COMMISSION_PCT,MANAGER_ID,DEPARTMENT_ID) values ('156','Janette','King','JKING','011.44.1345.429268','2004-01-30','SA_REP','10000','0.35','146','80');
Insert into EMPLOYEES (EMPLOYEE_ID,FIRST_NAME,LAST_NAME,EMAIL,PHONE_NUMBER,HIRE_DATE,JOB_ID,SALARY,COMMISSION_PCT,MANAGER_ID,DEPARTMENT_ID) values ('157','Patrick','Sully','PSULLY','011.44.1345.929268','2004-03-04','SA_REP','9500','0.35','146','80');
Insert into EMPLOYEES (EMPLOYEE_ID,FIRST_NAME,LAST_NAME,EMAIL,PHONE_NUMBER,HIRE_DATE,JOB_ID,SALARY,COMMISSION_PCT,MANAGER_ID,DEPARTMENT_ID) values ('158','Allan','McEwen','AMCEWEN','011.44.1345.829268','2004-08-01','SA_REP','9000','0.35','146','80');
Insert into EMPLOYEES (EMPLOYEE_ID,FIRST_NAME,LAST_NAME,EMAIL,PHONE_NUMBER,HIRE_DATE,JOB_ID,SALARY,COMMISSION_PCT,MANAGER_ID,DEPARTMENT_ID) values ('159','Lindsey','Smith','LSMITH','011.44.1345.729268','2005-03-10','SA_REP','8000','0.3','146','80');
Insert into EMPLOYEES (EMPLOYEE_ID,FIRST_NAME,LAST_NAME,EMAIL,PHONE_NUMBER,HIRE_DATE,JOB_ID,SALARY,COMMISSION_PCT,MANAGER_ID,DEPARTMENT_ID) values ('160','Louise','Doran','LDORAN','011.44.1345.629268','2005-12-15','SA_REP','7500','0.3','146','80');
Insert into EMPLOYEES (EMPLOYEE_ID,FIRST_NAME,LAST_NAME,EMAIL,PHONE_NUMBER,HIRE_DATE,JOB_ID,SALARY,COMMISSION_PCT,MANAGER_ID,DEPARTMENT_ID) values ('161','Sarath','Sewall','SSEWALL','011.44.1345.529268','2006-11-03','SA_REP','7000','0.25','146','80');
Insert into EMPLOYEES (EMPLOYEE_ID,FIRST_NAME,LAST_NAME,EMAIL,PHONE_NUMBER,HIRE_DATE,JOB_ID,SALARY,COMMISSION_PCT,MANAGER_ID,DEPARTMENT_ID) values ('162','Clara','Vishney','CVISHNEY','011.44.1346.129268','2005-11-11','SA_REP','10500','0.25','147','80');
Insert into EMPLOYEES (EMPLOYEE_ID,FIRST_NAME,LAST_NAME,EMAIL,PHONE_NUMBER,HIRE_DATE,JOB_ID,SALARY,COMMISSION_PCT,MANAGER_ID,DEPARTMENT_ID) values ('163','Danielle','Greene','DGREENE','011.44.1346.229268','2007-03-19','SA_REP','9500','0.15','147','80');
Insert into EMPLOYEES (EMPLOYEE_ID,FIRST_NAME,LAST_NAME,EMAIL,PHONE_NUMBER,HIRE_DATE,JOB_ID,SALARY,COMMISSION_PCT,MANAGER_ID,DEPARTMENT_ID) values ('164','Mattea','Marvins','MMARVINS','011.44.1346.329268','2008-01-24','SA_REP','7200','0.1','147','80');
Insert into EMPLOYEES (EMPLOYEE_ID,FIRST_NAME,LAST_NAME,EMAIL,PHONE_NUMBER,HIRE_DATE,JOB_ID,SALARY,COMMISSION_PCT,MANAGER_ID,DEPARTMENT_ID) values ('165','David','Lee','DLEE','011.44.1346.529268','2008-02-23','SA_REP','6800','0.1','147','80');
Insert into EMPLOYEES (EMPLOYEE_ID,FIRST_NAME,LAST_NAME,EMAIL,PHONE_NUMBER,HIRE_DATE,JOB_ID,SALARY,COMMISSION_PCT,MANAGER_ID,DEPARTMENT_ID) values ('166','Sundar','Ande','SANDE','011.44.1346.629268','2008-03-24','SA_REP','6400','0.1','147','80');
Insert into EMPLOYEES (EMPLOYEE_ID,FIRST_NAME,LAST_NAME,EMAIL,PHONE_NUMBER,HIRE_DATE,JOB_ID,SALARY,COMMISSION_PCT,MANAGER_ID,DEPARTMENT_ID) values ('167','Amit','Banda','ABANDA','011.44.1346.729268','2008-04-21','SA_REP','6200','0.1','147','80');
Insert into EMPLOYEES (EMPLOYEE_ID,FIRST_NAME,LAST_NAME,EMAIL,PHONE_NUMBER,HIRE_DATE,JOB_ID,SALARY,COMMISSION_PCT,MANAGER_ID,DEPARTMENT_ID) values ('168','Lisa','Ozer','LOZER','011.44.1343.929268','2005-03-11','SA_REP','11500','0.25','148','80');
Insert into EMPLOYEES (EMPLOYEE_ID,FIRST_NAME,LAST_NAME,EMAIL,PHONE_NUMBER,HIRE_DATE,JOB_ID,SALARY,COMMISSION_PCT,MANAGER_ID,DEPARTMENT_ID) values ('169','Harrison','Bloom','HBLOOM','011.44.1343.829268','2006-03-23','SA_REP','10000','0.2','148','80');
Insert into EMPLOYEES (EMPLOYEE_ID,FIRST_NAME,LAST_NAME,EMAIL,PHONE_NUMBER,HIRE_DATE,JOB_ID,SALARY,COMMISSION_PCT,MANAGER_ID,DEPARTMENT_ID) values ('170','Tayler','Fox','TFOX','011.44.1343.729268','2006-01-24','SA_REP','9600','0.2','148','80');
Insert into EMPLOYEES (EMPLOYEE_ID,FIRST_NAME,LAST_NAME,EMAIL,PHONE_NUMBER,HIRE_DATE,JOB_ID,SALARY,COMMISSION_PCT,MANAGER_ID,DEPARTMENT_ID) values ('171','William','Smith','WSMITH','011.44.1343.629268','2007-02-23','SA_REP','7400','0.15','148','80');
Insert into EMPLOYEES (EMPLOYEE_ID,FIRST_NAME,LAST_NAME,EMAIL,PHONE_NUMBER,HIRE_DATE,JOB_ID,SALARY,COMMISSION_PCT,MANAGER_ID,DEPARTMENT_ID) values ('172','Elizabeth','Bates','EBATES','011.44.1343.529268','2007-03-24','SA_REP','7300','0.15','148','80');
Insert into EMPLOYEES (EMPLOYEE_ID,FIRST_NAME,LAST_NAME,EMAIL,PHONE_NUMBER,HIRE_DATE,JOB_ID,SALARY,COMMISSION_PCT,MANAGER_ID,DEPARTMENT_ID) values ('173','Sundita','Kumar','SKUMAR','011.44.1343.329268','2008-04-21','SA_REP','6100','0.1','148','80');
Insert into EMPLOYEES (EMPLOYEE_ID,FIRST_NAME,LAST_NAME,EMAIL,PHONE_NUMBER,HIRE_DATE,JOB_ID,SALARY,COMMISSION_PCT,MANAGER_ID,DEPARTMENT_ID) values ('174','Ellen','Abel','EABEL','011.44.1644.429267','2004-05-11','SA_REP','11000','0.3','149','80');
Insert into EMPLOYEES (EMPLOYEE_ID,FIRST_NAME,LAST_NAME,EMAIL,PHONE_NUMBER,HIRE_DATE,JOB_ID,SALARY,COMMISSION_PCT,MANAGER_ID,DEPARTMENT_ID) values ('175','Alyssa','Hutton','AHUTTON','011.44.1644.429266','2005-03-19','SA_REP','8800','0.25','149','80');
Insert into EMPLOYEES (EMPLOYEE_ID,FIRST_NAME,LAST_NAME,EMAIL,PHONE_NUMBER,HIRE_DATE,JOB_ID,SALARY,COMMISSION_PCT,MANAGER_ID,DEPARTMENT_ID) values ('176','Jonathon','Taylor','JTAYLOR','011.44.1644.429265','2006-03-24','SA_REP','8600','0.2','149','80');
Insert into EMPLOYEES (EMPLOYEE_ID,FIRST_NAME,LAST_NAME,EMAIL,PHONE_NUMBER,HIRE_DATE,JOB_ID,SALARY,COMMISSION_PCT,MANAGER_ID,DEPARTMENT_ID) values ('177','Jack','Livingston','JLIVINGS','011.44.1644.429264','2006-04-23','SA_REP','8400','0.2','149','80');
Insert into EMPLOYEES (EMPLOYEE_ID,FIRST_NAME,LAST_NAME,EMAIL,PHONE_NUMBER,HIRE_DATE,JOB_ID,SALARY,COMMISSION_PCT,MANAGER_ID,DEPARTMENT_ID) values ('178','Kimberely','Grant','KGRANT','011.44.1644.429263','2007-05-24','SA_REP','7000','0.15','149',null);
Insert into EMPLOYEES (EMPLOYEE_ID,FIRST_NAME,LAST_NAME,EMAIL,PHONE_NUMBER,HIRE_DATE,JOB_ID,SALARY,COMMISSION_PCT,MANAGER_ID,DEPARTMENT_ID) values ('179','Charles','Johnson','CJOHNSON','011.44.1644.429262','2008-01-04','SA_REP','6200','0.1','149','80');
Insert into EMPLOYEES (EMPLOYEE_ID,FIRST_NAME,LAST_NAME,EMAIL,PHONE_NUMBER,HIRE_DATE,JOB_ID,SALARY,COMMISSION_PCT,MANAGER_ID,DEPARTMENT_ID) values ('180','Winston','Taylor','WTAYLOR','650.507.9876','2006-01-24','SH_CLERK','3200',null,'120','50');
Insert into EMPLOYEES (EMPLOYEE_ID,FIRST_NAME,LAST_NAME,EMAIL,PHONE_NUMBER,HIRE_DATE,JOB_ID,SALARY,COMMISSION_PCT,MANAGER_ID,DEPARTMENT_ID) values ('181','Jean','Fleaur','JFLEAUR','650.507.9877','2006-02-23','SH_CLERK','3100',null,'120','50');
Insert into EMPLOYEES (EMPLOYEE_ID,FIRST_NAME,LAST_NAME,EMAIL,PHONE_NUMBER,HIRE_DATE,JOB_ID,SALARY,COMMISSION_PCT,MANAGER_ID,DEPARTMENT_ID) values ('182','Martha','Sullivan','MSULLIVA','650.507.9878','2007-06-21','SH_CLERK','2500',null,'120','50');
Insert into EMPLOYEES (EMPLOYEE_ID,FIRST_NAME,LAST_NAME,EMAIL,PHONE_NUMBER,HIRE_DATE,JOB_ID,SALARY,COMMISSION_PCT,MANAGER_ID,DEPARTMENT_ID) values ('183','Girard','Geoni','GGEONI','650.507.9879','2008-02-03','SH_CLERK','2800',null,'120','50');
Insert into EMPLOYEES (EMPLOYEE_ID,FIRST_NAME,LAST_NAME,EMAIL,PHONE_NUMBER,HIRE_DATE,JOB_ID,SALARY,COMMISSION_PCT,MANAGER_ID,DEPARTMENT_ID) values ('184','Nandita','Sarchand','NSARCHAN','650.509.1876','2004-01-27','SH_CLERK','4200',null,'121','50');
Insert into EMPLOYEES (EMPLOYEE_ID,FIRST_NAME,LAST_NAME,EMAIL,PHONE_NUMBER,HIRE_DATE,JOB_ID,SALARY,COMMISSION_PCT,MANAGER_ID,DEPARTMENT_ID) values ('185','Alexis','Bull','ABULL','650.509.2876','2005-02-20','SH_CLERK','4100',null,'121','50');
Insert into EMPLOYEES (EMPLOYEE_ID,FIRST_NAME,LAST_NAME,EMAIL,PHONE_NUMBER,HIRE_DATE,JOB_ID,SALARY,COMMISSION_PCT,MANAGER_ID,DEPARTMENT_ID) values ('186','Julia','Dellinger','JDELLING','650.509.3876','2006-06-24','SH_CLERK','3400',null,'121','50');
Insert into EMPLOYEES (EMPLOYEE_ID,FIRST_NAME,LAST_NAME,EMAIL,PHONE_NUMBER,HIRE_DATE,JOB_ID,SALARY,COMMISSION_PCT,MANAGER_ID,DEPARTMENT_ID) values ('187','Anthony','Cabrio','ACABRIO','650.509.4876','2007-02-07','SH_CLERK','3000',null,'121','50');
Insert into EMPLOYEES (EMPLOYEE_ID,FIRST_NAME,LAST_NAME,EMAIL,PHONE_NUMBER,HIRE_DATE,JOB_ID,SALARY,COMMISSION_PCT,MANAGER_ID,DEPARTMENT_ID) values ('188','Kelly','Chung','KCHUNG','650.505.1876','2005-06-14','SH_CLERK','3800',null,'122','50');
Insert into EMPLOYEES (EMPLOYEE_ID,FIRST_NAME,LAST_NAME,EMAIL,PHONE_NUMBER,HIRE_DATE,JOB_ID,SALARY,COMMISSION_PCT,MANAGER_ID,DEPARTMENT_ID) values ('189','Jennifer','Dilly','JDILLY','650.505.2876','2005-08-13','SH_CLERK','3600',null,'122','50');
Insert into EMPLOYEES (EMPLOYEE_ID,FIRST_NAME,LAST_NAME,EMAIL,PHONE_NUMBER,HIRE_DATE,JOB_ID,SALARY,COMMISSION_PCT,MANAGER_ID,DEPARTMENT_ID) values ('190','Timothy','Gates','TGATES','650.505.3876','2006-07-11','SH_CLERK','2900',null,'122','50');
Insert into EMPLOYEES (EMPLOYEE_ID,FIRST_NAME,LAST_NAME,EMAIL,PHONE_NUMBER,HIRE_DATE,JOB_ID,SALARY,COMMISSION_PCT,MANAGER_ID,DEPARTMENT_ID) values ('191','Randall','Perkins','RPERKINS','650.505.4876','2007-12-19','SH_CLERK','2500',null,'122','50');
Insert into EMPLOYEES (EMPLOYEE_ID,FIRST_NAME,LAST_NAME,EMAIL,PHONE_NUMBER,HIRE_DATE,JOB_ID,SALARY,COMMISSION_PCT,MANAGER_ID,DEPARTMENT_ID) values ('192','Sarah','Bell','SBELL','650.501.1876','2004-02-04','SH_CLERK','4000',null,'123','50');
Insert into EMPLOYEES (EMPLOYEE_ID,FIRST_NAME,LAST_NAME,EMAIL,PHONE_NUMBER,HIRE_DATE,JOB_ID,SALARY,COMMISSION_PCT,MANAGER_ID,DEPARTMENT_ID) values ('193','Britney','Everett','BEVERETT','650.501.2876','2005-03-03','SH_CLERK','3900',null,'123','50');
Insert into EMPLOYEES (EMPLOYEE_ID,FIRST_NAME,LAST_NAME,EMAIL,PHONE_NUMBER,HIRE_DATE,JOB_ID,SALARY,COMMISSION_PCT,MANAGER_ID,DEPARTMENT_ID) values ('194','Samuel','McCain','SMCCAIN','650.501.3876','2006-07-01','SH_CLERK','3200',null,'123','50');
Insert into EMPLOYEES (EMPLOYEE_ID,FIRST_NAME,LAST_NAME,EMAIL,PHONE_NUMBER,HIRE_DATE,JOB_ID,SALARY,COMMISSION_PCT,MANAGER_ID,DEPARTMENT_ID) values ('195','Vance','Jones','VJONES','650.501.4876','2007-03-17','SH_CLERK','2800',null,'123','50');
Insert into EMPLOYEES (EMPLOYEE_ID,FIRST_NAME,LAST_NAME,EMAIL,PHONE_NUMBER,HIRE_DATE,JOB_ID,SALARY,COMMISSION_PCT,MANAGER_ID,DEPARTMENT_ID) values ('196','Alana','Walsh','AWALSH','650.507.9811','2006-04-24','SH_CLERK','3100',null,'124','50');
Insert into EMPLOYEES (EMPLOYEE_ID,FIRST_NAME,LAST_NAME,EMAIL,PHONE_NUMBER,HIRE_DATE,JOB_ID,SALARY,COMMISSION_PCT,MANAGER_ID,DEPARTMENT_ID) values ('197','Kevin','Feeney','KFEENEY','650.507.9822','2006-05-23','SH_CLERK','3000',null,'124','50');
Insert into EMPLOYEES (EMPLOYEE_ID,FIRST_NAME,LAST_NAME,EMAIL,PHONE_NUMBER,HIRE_DATE,JOB_ID,SALARY,COMMISSION_PCT,MANAGER_ID,DEPARTMENT_ID) values ('198','Donald','OConnell','DOCONNEL','650.507.9833','2007-06-21','SH_CLERK','2600',null,'124','50');
Insert into EMPLOYEES (EMPLOYEE_ID,FIRST_NAME,LAST_NAME,EMAIL,PHONE_NUMBER,HIRE_DATE,JOB_ID,SALARY,COMMISSION_PCT,MANAGER_ID,DEPARTMENT_ID) values ('199','Douglas','Grant','DGRANT','650.507.9844','2008-01-13','SH_CLERK','2600',null,'124','50');
Insert into EMPLOYEES (EMPLOYEE_ID,FIRST_NAME,LAST_NAME,EMAIL,PHONE_NUMBER,HIRE_DATE,JOB_ID,SALARY,COMMISSION_PCT,MANAGER_ID,DEPARTMENT_ID) values ('200','Jennifer','Whalen','JWHALEN','515.123.4444','2003-09-17','AD_ASST','4400',null,'101','10');
Insert into EMPLOYEES (EMPLOYEE_ID,FIRST_NAME,LAST_NAME,EMAIL,PHONE_NUMBER,HIRE_DATE,JOB_ID,SALARY,COMMISSION_PCT,MANAGER_ID,DEPARTMENT_ID) values ('201','Michael','Hartstein','MHARTSTE','515.123.5555','2004-02-17','MK_MAN','13000',null,'100','20');
Insert into EMPLOYEES (EMPLOYEE_ID,FIRST_NAME,LAST_NAME,EMAIL,PHONE_NUMBER,HIRE_DATE,JOB_ID,SALARY,COMMISSION_PCT,MANAGER_ID,DEPARTMENT_ID) values ('202','Pat','Fay','PFAY','603.123.6666','2005-08-17','MK_REP','6000',null,'201','20');
Insert into EMPLOYEES (EMPLOYEE_ID,FIRST_NAME,LAST_NAME,EMAIL,PHONE_NUMBER,HIRE_DATE,JOB_ID,SALARY,COMMISSION_PCT,MANAGER_ID,DEPARTMENT_ID) values ('203','Susan','Mavris','SMAVRIS','515.123.7777','07-06-2002','HR_REP','6500',null,'101','40');
Insert into EMPLOYEES (EMPLOYEE_ID,FIRST_NAME,LAST_NAME,EMAIL,PHONE_NUMBER,HIRE_DATE,JOB_ID,SALARY,COMMISSION_PCT,MANAGER_ID,DEPARTMENT_ID) values ('204','Hermann','Baer','HBAER','515.123.8888','07-06-2002','PR_REP','10000',null,'101','70');
Insert into EMPLOYEES (EMPLOYEE_ID,FIRST_NAME,LAST_NAME,EMAIL,PHONE_NUMBER,HIRE_DATE,JOB_ID,SALARY,COMMISSION_PCT,MANAGER_ID,DEPARTMENT_ID) values ('205','Shelley','Higgins','SHIGGINS','515.123.8080','07-06-2002','AC_MGR','12008',null,'101','110');
Insert into EMPLOYEES (EMPLOYEE_ID,FIRST_NAME,LAST_NAME,EMAIL,PHONE_NUMBER,HIRE_DATE,JOB_ID,SALARY,COMMISSION_PCT,MANAGER_ID,DEPARTMENT_ID) values ('206','William','Gietz','WGIETZ','515.123.8181','07-06-2002','AC_ACCOUNT','8300',null,'205','110');

Insert into JOB_HISTORY (EMPLOYEE_ID,START_DATE,END_DATE,JOB_ID,DEPARTMENT_ID) values ('102','2001-01-13','2006-07-24','IT_PROG','60');
Insert into JOB_HISTORY (EMPLOYEE_ID,START_DATE,END_DATE,JOB_ID,DEPARTMENT_ID) values ('101','1997-09-21','2001-10-27','AC_ACCOUNT','110');
Insert into JOB_HISTORY (EMPLOYEE_ID,START_DATE,END_DATE,JOB_ID,DEPARTMENT_ID) values ('101','2001-10-28','2005-03-15','AC_MGR','110');
Insert into JOB_HISTORY (EMPLOYEE_ID,START_DATE,END_DATE,JOB_ID,DEPARTMENT_ID) values ('201','2004-02-17','2007-12-19','MK_REP','20');
Insert into JOB_HISTORY (EMPLOYEE_ID,START_DATE,END_DATE,JOB_ID,DEPARTMENT_ID) values ('114','2006-03-24','2007-12-31','ST_CLERK','50');
Insert into JOB_HISTORY (EMPLOYEE_ID,START_DATE,END_DATE,JOB_ID,DEPARTMENT_ID) values ('122','2007-01-01','2007-12-31','ST_CLERK','50');
Insert into JOB_HISTORY (EMPLOYEE_ID,START_DATE,END_DATE,JOB_ID,DEPARTMENT_ID) values ('200','1995-09-17','2001-06-17','AD_ASST','90');
Insert into JOB_HISTORY (EMPLOYEE_ID,START_DATE,END_DATE,JOB_ID,DEPARTMENT_ID) values ('176','2006-03-24','2006-12-31','SA_REP','80');
Insert into JOB_HISTORY (EMPLOYEE_ID,START_DATE,END_DATE,JOB_ID,DEPARTMENT_ID) values ('176','2007-01-01','2007-12-31','SA_MAN','80');
Insert into JOB_HISTORY (EMPLOYEE_ID,START_DATE,END_DATE,JOB_ID,DEPARTMENT_ID) values ('200','2002-07-01','2006-12-31','AC_ACCOUNT','90');
